testcase,alignment_performed,q_score,tc_score,ms_elapsed
153l_1cnsA,pass,0.176,0.176,2613
1a53_1nsj,pass,0.00546,0.00546,2455
1a65A_1nif,pass,0.0,0.0,3942
1a6m_1ewaA,pass,0.131,0.131,1434
1a6m_1hlb,pass,0.0828,0.0828,1367
1a7w_1b67B,pass,0.0154,0.0154,1113
1a8l_1hyuA,pass,0.0208,0.0208,4003
1ah1_1qfoA,pass,0.16,0.16,1554
1aoiD_1aoiB,pass,0.0,0.0,1422
1at3A_1lay,pass,0.0219,0.0219,2357
1atzA_2scuB,pass,0.0377,0.0377,3220
1auiB_1dguA,pass,0.18,0.18,1966
1auoA_1fj2B,pass,0.00474,0.00474,2215
1awd_1ayfA,pass,0.205,0.205,1340
1aym1_2hwf1,pass,0.271,0.271,2389
1b35A_2mev1,pass,0.0143,0.0143,2194
1b5fB_1smrA,pass,0.0,0.0,2785
1b8aA_1lylA,pass,0.0816,0.0816,3474
1b8gA_1bw0A,pass,0.0359,0.0359,3261
1bbhA_1jafB,pass,0.232,0.232,1764
1bebA_1mup,pass,0.203,0.203,1938
1bhe_1czfA,pass,0.0212,0.0212,3338
1bkjA_1vfrA,pass,0.0204,0.0204,2230
1bmdA_1b8pA,pass,0.0,0.0,3033
1bqcA_7a3hA,pass,0.161,0.161,2973
1bsvA_1he2A,pass,0.00592,0.00592,2918
1bvzA_1cxlA,pass,0.0,0.0,5058
1bvzA_1ehaA,pass,0.0307,0.0307,4490
1bykA_1tlfA,pass,0.0988,0.0988,2435
1c24A_1xgmA,pass,0.0,0.0,2719
1cdkA_1hcl,pass,0.0,0.0,2708
1ceo_1edg,pass,0.0337,0.0337,3380
1cg5B_1flp,pass,0.084,0.084,1451
1cg5B_2hbg,pass,0.206,0.206,1434
1ctj_2mtaC,pass,0.0,0.0,1888
1cvsC_1wit,pass,0.0227,0.0227,2787
1cztA_1ulo,pass,0.0455,0.0455,1786
1d4oA_1j8fA,pass,0.0106,0.0106,3183
1d5rA_1fpzA,pass,0.00633,0.00633,3470
1d6jA_3tmkA,pass,0.0,0.0,2212
1dekA_3tmkA,pass,0.0,0.0,2197
1dhn_1b9lA,pass,0.117,0.117,1494
1dhx_1ruxA,pass,0.0345,0.0345,5903
1di0A_1rvv1,pass,0.129,0.129,1737
1dwnA_1msc,pass,0.481,0.481,1095
1dxy_1psdA,pass,0.0449,0.0449,3383
1e2xA_1qbjA,pass,0.0,0.0,2196
1e69B_1f2tB,pass,0.0,0.0,2509
1ei5A_3pte,pass,0.0,0.0,4423
1emsA_1erzA,pass,0.00803,0.00803,3508
1f2nA_1smvA,pass,0.0272,0.0272,2379
1faoA_1dynA,pass,0.0238,0.0238,1593
1faoA_1fhxA,pass,0.0109,0.0109,1503
1faoA_1rrpB,pass,0.012,0.012,1731
1fm5A_1qo3C,pass,0.0291,0.0291,2482
1fmb_2hpeA,pass,0.457,0.457,990
1fvzA_1bv1,pass,0.0278,0.0278,2787
1g7eA_1prxA,pass,0.0,0.0,2370
1gen_1pex,pass,0.346,0.346,2127
1gnwA_1ljrA,pass,0.146,0.146,2427
1h75A_1kte,pass,0.0282,0.0282,1608
1h7wA_2dorA,pass,0.00336,0.00336,7088
1h8uA_1htn,pass,0.0849,0.0849,2162
1h8uA_1qddA,pass,0.318,0.318,1932
1he2A_1hyhA,pass,0.0,0.0,2934
1hmt_1lfo,pass,0.0794,0.0794,1579
1htn_1rtm1,pass,0.00901,0.00901,2152
1hv8A_1c9kB,pass,0.0,0.0,3221
1i21A_1i12D,pass,0.163,0.163,1730
1i21A_1nmtA,pass,0.01,0.01,3241
1i5nA_1qspA,pass,0.0,0.0,1959
1ibzA_1rcy,pass,0.0,0.0,1454
1imbA_1qgxA,pass,0.0403,0.0403,3335
1ithA_1cg5B,pass,0.0234,0.0234,1479
1ithA_3sdhA,pass,0.287,0.287,1433
1kb5B_1qfoA,pass,0.0921,0.0921,1452
1lam_1ecpA,pass,0.0177,0.0177,3970
1ljrA_1pd21,pass,0.0,0.0,2447
1lst_1nnt,pass,0.0,0.0,2866
1mfmA_1xsoB,pass,0.307,0.307,1729
1mpgA_2abk,pass,0.0,0.0,2570
1nf1A_1wer,pass,0.0938,0.0938,3417
1nseA_1qomB,pass,0.0518,0.0518,3120
1pls_1foeA,pass,0.0,0.0,3202
1prtF_3chbD,pass,0.0,0.0,1009
1psrA_1qlsA,pass,0.263,0.263,1412
1qbzC_2ezoA,pass,0.585,0.585,1085
1qhqA_1bqk,pass,0.0,0.0,1674
1qj2B_1ffvE,pass,0.169,0.169,5425
1qj2C_1ffuF,pass,0.2,0.2,3116
1qjdA_1qo8D,pass,0.432,0.432,4384
1qq4A_2hrvA,pass,0.0,0.0,1934
1qqp3_1pov1,pass,0.0,0.0,2374
1quqA_1quqB,pass,0.0,0.0,1598
1rhs_1e0cA,pass,0.0347,0.0347,2616
1tx4A_1f7cA,pass,0.0,0.0,2246
1vid_2dpmA,pass,0.0,0.0,2613
2gar_1bxkA,pass,0.0357,0.0357,3354
2qwc_1nsdB,pass,0.0613,0.0613,1811
4icb_1mho,pass,0.206,0.206,1320
