testcase,alignment_performed,q_score,tc_score,ms_elapsed
153l_1cnsA,pass,0.0588,0.0588,5112
1a53_1nsj,pass,0.0,0.0,5943
1a65A_1nif,pass,0.0,0.0,9055
1a6m_1ewaA,pass,0.0,0.0,2578
1a6m_1hlb,pass,0.214,0.214,2668
1a7w_1b67B,pass,0.0,0.0,2135
1a8l_1hyuA,pass,0.0,0.0,8916
1ah1_1qfoA,pass,0.17,0.17,3398
1aoiD_1aoiB,pass,0.0,0.0,2603
1at3A_1lay,pass,0.0109,0.0109,6215
1atzA_2scuB,pass,0.0,0.0,7518
1auiB_1dguA,pass,0.0,0.0,3597
1auoA_1fj2B,pass,0.0664,0.0664,5041
1awd_1ayfA,pass,0.0411,0.0411,2859
1aym1_2hwf1,pass,0.238,0.238,6313
1b35A_2mev1,pass,0.0,0.0,5204
1b5fB_1smrA,pass,0.0,0.0,6308
1b8aA_1lylA,pass,0.0,0.0,9820
1b8gA_1bw0A,pass,0.0719,0.0719,7810
1bbhA_1jafB,pass,0.04,0.04,3996
1bebA_1mup,pass,0.126,0.126,4468
1bhe_1czfA,pass,0.0247,0.0247,8593
1bkjA_1vfrA,pass,0.0,0.0,5128
1bmdA_1b8pA,pass,0.0312,0.0312,7524
1bqcA_7a3hA,pass,0.0805,0.0805,7499
1bsvA_1he2A,pass,0.00592,0.00592,7065
1bvzA_1cxlA,pass,0.0,0.0,12169
1bvzA_1ehaA,pass,0.0,0.0,11557
1bykA_1tlfA,pass,0.0,0.0,5723
1c24A_1xgmA,pass,0.0,0.0,6666
1cdkA_1hcl,pass,0.0,0.0,7313
1ceo_1edg,pass,0.0,0.0,7641
1cg5B_1flp,pass,0.0229,0.0229,2328
1cg5B_2hbg,pass,0.0368,0.0368,2318
1ctj_2mtaC,pass,0.0,0.0,3436
1cvsC_1wit,pass,0.0,0.0,5315
1cztA_1ulo,pass,0.0568,0.0568,4251
1d4oA_1j8fA,pass,0.0,0.0,5958
1d5rA_1fpzA,pass,0.0,0.0,6553
1d6jA_3tmkA,pass,0.0,0.0,4987
1dekA_3tmkA,pass,0.0,0.0,4206
1dhn_1b9lA,pass,0.00971,0.00971,2873
1dhx_1ruxA,pass,0.118,0.118,14142
1di0A_1rvv1,pass,0.158,0.158,3512
1dwnA_1msc,pass,0.49,0.49,1495
1dxy_1psdA,pass,0.0,0.0,7274
1e2xA_1qbjA,pass,0.0,0.0,4313
1e69B_1f2tB,pass,0.0,0.0,5423
1ei5A_3pte,pass,0.0,0.0,8655
1emsA_1erzA,pass,0.0,0.0,7642
1f2nA_1smvA,pass,0.0,0.0,5422
1faoA_1dynA,pass,0.0,0.0,3580
1faoA_1fhxA,pass,0.0,0.0,3436
1faoA_1rrpB,pass,0.0,0.0,3318
1fm5A_1qo3C,pass,0.0,0.0,4762
1fmb_2hpeA,pass,0.628,0.628,1346
1fvzA_1bv1,pass,0.0,0.0,5255
1g7eA_1prxA,pass,0.0,0.0,4724
1gen_1pex,pass,0.0419,0.0419,3924
1gnwA_1ljrA,pass,0.0634,0.0634,5393
1h75A_1kte,pass,0.113,0.113,2814
1h7wA_2dorA,pass,0.0,0.0,14330
1h8uA_1htn,pass,0.0943,0.0943,4344
1h8uA_1qddA,pass,0.0374,0.0374,4220
1he2A_1hyhA,pass,0.0,0.0,6235
1hmt_1lfo,pass,0.175,0.175,3423
1htn_1rtm1,pass,0.0,0.0,4499
1hv8A_1c9kB,pass,0.0,0.0,6618
1i21A_1i12D,pass,0.0261,0.0261,3835
1i21A_1nmtA,pass,0.0,0.0,6800
1i5nA_1qspA,pass,0.0,0.0,3599
1ibzA_1rcy,pass,0.0,0.0,2788
1imbA_1qgxA,pass,0.0323,0.0323,7481
1ithA_1cg5B,pass,0.0703,0.0703,2508
1ithA_3sdhA,pass,0.0,0.0,2723
1kb5B_1qfoA,pass,0.0395,0.0395,2673
1lam_1ecpA,pass,0.0,0.0,8328
1ljrA_1pd21,pass,0.0,0.0,5738
1lst_1nnt,pass,0.0,0.0,6397
1mfmA_1xsoB,pass,0.18,0.18,3538
1mpgA_2abk,pass,0.0,0.0,6053
1nf1A_1wer,pass,0.0,0.0,7080
1nseA_1qomB,pass,0.148,0.148,7567
1pls_1foeA,pass,0.0,0.0,6699
1prtF_3chbD,pass,0.0,0.0,1367
1psrA_1qlsA,pass,0.025,0.025,2634
1qbzC_2ezoA,pass,0.968,0.968,1538
1qhqA_1bqk,pass,0.0,0.0,3675
1qj2B_1ffvE,pass,0.0943,0.0943,13697
1qj2C_1ffuF,pass,0.2,0.2,7165
1qjdA_1qo8D,pass,0.0914,0.0914,9744
1qq4A_2hrvA,pass,0.0,0.0,3469
1qqp3_1pov1,pass,0.0,0.0,4696
1quqA_1quqB,pass,0.0,0.0,2758
1rhs_1e0cA,pass,0.0347,0.0347,6258
1tx4A_1f7cA,pass,0.0132,0.0132,4868
1vid_2dpmA,pass,0.0167,0.0167,5593
2gar_1bxkA,pass,0.0,0.0,6915
2qwc_1nsdB,pass,0.0446,0.0446,3638
4icb_1mho,pass,0.0735,0.0735,2591
