testcase,alignment_performed,q_score,tc_score,ms_elapsed
153l_1cnsA,pass,0.0,0.0,1302
1a53_1nsj,pass,0.0109,0.0109,1100
1a65A_1nif,pass,0.0,0.0,1514
1a6m_1ewaA,pass,0.0,0.0,771
1a6m_1hlb,pass,0.131,0.131,767
1a7w_1b67B,pass,0.0154,0.0154,385
1a8l_1hyuA,pass,0.0104,0.0104,1524
1ah1_1qfoA,pass,0.0319,0.0319,592
1aoiD_1aoiB,pass,0.0,0.0,543
1at3A_1lay,pass,0.0109,0.0109,1135
1atzA_2scuB,pass,0.0,0.0,1300
1auiB_1dguA,pass,0.311,0.311,951
1auoA_1fj2B,pass,0.0664,0.0664,1034
1awd_1ayfA,pass,0.0411,0.0411,717
1aym1_2hwf1,pass,0.238,0.238,1067
1b35A_2mev1,pass,0.121,0.121,1050
1b5fB_1smrA,pass,0.0385,0.0385,1218
1b8aA_1lylA,pass,0.0485,0.0485,1516
1b8gA_1bw0A,pass,0.0299,0.0299,1357
1bbhA_1jafB,pass,0.192,0.192,938
1bebA_1mup,pass,0.028,0.028,967
1bhe_1czfA,pass,0.0247,0.0247,1369
1bkjA_1vfrA,pass,0.0068,0.0068,1092
1bmdA_1b8pA,pass,0.0156,0.0156,1169
1bqcA_7a3hA,pass,0.126,0.126,1316
1bsvA_1he2A,pass,0.00592,0.00592,1283
1bvzA_1cxlA,pass,0.00248,0.00248,1884
1bvzA_1ehaA,pass,0.0,0.0,1858
1bykA_1tlfA,pass,0.158,0.158,1102
1c24A_1xgmA,pass,0.0,0.0,1167
1cdkA_1hcl,pass,0.0,0.0,1301
1ceo_1edg,pass,0.037,0.037,1368
1cg5B_1flp,pass,0.0687,0.0687,666
1cg5B_2hbg,pass,0.0368,0.0368,632
1ctj_2mtaC,pass,0.0,0.0,1000
1cvsC_1wit,pass,0.0,0.0,1150
1cztA_1ulo,pass,0.0,0.0,934
1d4oA_1j8fA,pass,0.0,0.0,1267
1d5rA_1fpzA,pass,0.00633,0.00633,1517
1d6jA_3tmkA,pass,0.0,0.0,1050
1dekA_3tmkA,pass,0.0,0.0,1034
1dhn_1b9lA,pass,0.00971,0.00971,584
1dhx_1ruxA,pass,0.113,0.113,2131
1di0A_1rvv1,pass,0.158,0.158,921
1dwnA_1msc,pass,0.0577,0.0577,330
1dxy_1psdA,pass,0.0224,0.0224,1389
1e2xA_1qbjA,pass,0.0,0.0,1067
1e69B_1f2tB,pass,0.012,0.012,1134
1ei5A_3pte,pass,0.0,0.0,1722
1emsA_1erzA,pass,0.0161,0.0161,1428
1f2nA_1smvA,pass,0.0761,0.0761,1064
1faoA_1dynA,pass,0.0119,0.0119,673
1faoA_1fhxA,pass,0.0761,0.0761,600
1faoA_1rrpB,pass,0.0,0.0,850
1fm5A_1qo3C,pass,0.0,0.0,1083
1fmb_2hpeA,pass,0.33,0.33,350
1fvzA_1bv1,pass,0.0,0.0,1085
1g7eA_1prxA,pass,0.0,0.0,984
1gen_1pex,pass,0.11,0.11,967
1gnwA_1ljrA,pass,0.137,0.137,1067
1h75A_1kte,pass,0.31,0.31,567
1h7wA_2dorA,pass,0.0,0.0,2284
1h8uA_1htn,pass,0.0377,0.0377,1017
1h8uA_1qddA,pass,0.196,0.196,919
1he2A_1hyhA,pass,0.0,0.0,1132
1hmt_1lfo,pass,0.175,0.175,633
1htn_1rtm1,pass,0.0,0.0,1117
1hv8A_1c9kB,pass,0.0,0.0,1300
1i21A_1i12D,pass,0.0523,0.0523,900
1i21A_1nmtA,pass,0.0,0.0,1383
1i5nA_1qspA,pass,0.0,0.0,864
1ibzA_1rcy,pass,0.0,0.0,726
1imbA_1qgxA,pass,0.0645,0.0645,1385
1ithA_1cg5B,pass,0.0391,0.0391,593
1ithA_3sdhA,pass,0.0588,0.0588,821
1kb5B_1qfoA,pass,0.0395,0.0395,527
1lam_1ecpA,pass,0.00885,0.00885,1594
1ljrA_1pd21,pass,0.0,0.0,1106
1lst_1nnt,pass,0.0,0.0,1371
1mfmA_1xsoB,pass,0.133,0.133,923
1mpgA_2abk,pass,0.0,0.0,1404
1nf1A_1wer,pass,0.0156,0.0156,1393
1nseA_1qomB,pass,0.0,0.0,1444
1pls_1foeA,pass,0.0,0.0,1334
1prtF_3chbD,pass,0.0,0.0,399
1psrA_1qlsA,pass,0.0,0.0,567
1qbzC_2ezoA,pass,0.766,0.766,543
1qhqA_1bqk,pass,0.0,0.0,911
1qj2B_1ffvE,pass,0.418,0.418,2230
1qj2C_1ffuF,pass,0.246,0.246,1385
1qjdA_1qo8D,pass,0.242,0.242,1698
1qq4A_2hrvA,pass,0.0,0.0,906
1qqp3_1pov1,pass,0.0,0.0,1003
1quqA_1quqB,pass,0.115,0.115,668
1rhs_1e0cA,pass,0.00772,0.00772,1170
1tx4A_1f7cA,pass,0.0,0.0,1067
1vid_2dpmA,pass,0.0,0.0,1077
2gar_1bxkA,pass,0.0357,0.0357,1254
2qwc_1nsdB,pass,0.111,0.111,929
4icb_1mho,pass,0.235,0.235,661
