testcase,alignment_performed,q_score,tc_score,ms_elapsed
153l_1cnsA,pass,0.0,0.0,351
1a53_1nsj,pass,0.0109,0.0109,211
1a65A_1nif,pass,0.0,0.0,347
1a6m_1ewaA,pass,0.0846,0.0846,131
1a6m_1hlb,pass,0.131,0.131,129
1a7w_1b67B,pass,0.0154,0.0154,112
1a8l_1hyuA,pass,0.0208,0.0208,359
1ah1_1qfoA,pass,0.0851,0.0851,141
1aoiD_1aoiB,pass,0.0,0.0,123
1at3A_1lay,pass,0.0109,0.0109,222
1atzA_2scuB,pass,0.0377,0.0377,281
1auiB_1dguA,pass,0.248,0.248,185
1auoA_1fj2B,pass,0.118,0.118,196
1awd_1ayfA,pass,0.0411,0.0411,120
1aym1_2hwf1,pass,0.238,0.238,222
1b35A_2mev1,pass,0.143,0.143,198
1b5fB_1smrA,pass,0.0385,0.0385,245
1b8aA_1lylA,pass,0.0561,0.0561,331
1b8gA_1bw0A,pass,0.0299,0.0299,287
1bbhA_1jafB,pass,0.048,0.048,162
1bebA_1mup,pass,0.028,0.028,171
1bhe_1czfA,pass,0.0141,0.0141,285
1bkjA_1vfrA,pass,0.0068,0.0068,216
1bmdA_1b8pA,pass,0.0156,0.0156,259
1bqcA_7a3hA,pass,0.107,0.107,255
1bsvA_1he2A,pass,0.00592,0.00592,254
1bvzA_1cxlA,pass,0.00248,0.00248,486
1bvzA_1ehaA,pass,0.0168,0.0168,397
1bykA_1tlfA,pass,0.158,0.158,220
1c24A_1xgmA,pass,0.0,0.0,239
1cdkA_1hcl,pass,0.0,0.0,250
1ceo_1edg,pass,0.0673,0.0673,293
1cg5B_1flp,pass,0.0687,0.0687,120
1cg5B_2hbg,pass,0.206,0.206,119
1ctj_2mtaC,pass,0.0128,0.0128,200
1cvsC_1wit,pass,0.0227,0.0227,233
1cztA_1ulo,pass,0.0,0.0,165
1d4oA_1j8fA,pass,0.0319,0.0319,273
1d5rA_1fpzA,pass,0.00633,0.00633,271
1d6jA_3tmkA,pass,0.0,0.0,200
1dekA_3tmkA,pass,0.0,0.0,187
1dhn_1b9lA,pass,0.00971,0.00971,127
1dhx_1ruxA,pass,0.107,0.107,634
1di0A_1rvv1,pass,0.158,0.158,161
1dwnA_1msc,pass,0.192,0.192,97
1dxy_1psdA,pass,0.0897,0.0897,284
1e2xA_1qbjA,pass,0.0,0.0,201
1e69B_1f2tB,pass,0.012,0.012,220
1ei5A_3pte,pass,0.0,0.0,356
1emsA_1erzA,pass,0.00803,0.00803,314
1f2nA_1smvA,pass,0.00543,0.00543,221
1faoA_1dynA,pass,0.0357,0.0357,133
1faoA_1fhxA,pass,0.0,0.0,132
1faoA_1rrpB,pass,0.012,0.012,140
1fm5A_1qo3C,pass,0.0194,0.0194,210
1fmb_2hpeA,pass,0.277,0.277,94
1fvzA_1bv1,pass,0.0278,0.0278,231
1g7eA_1prxA,pass,0.0,0.0,201
1gen_1pex,pass,0.11,0.11,172
1gnwA_1ljrA,pass,0.185,0.185,205
1h75A_1kte,pass,0.225,0.225,130
1h7wA_2dorA,pass,0.0,0.0,666
1h8uA_1htn,pass,0.113,0.113,182
1h8uA_1qddA,pass,0.215,0.215,155
1he2A_1hyhA,pass,0.0,0.0,239
1hmt_1lfo,pass,0.175,0.175,146
1htn_1rtm1,pass,0.0721,0.0721,179
1hv8A_1c9kB,pass,0.0122,0.0122,270
1i21A_1i12D,pass,0.0523,0.0523,160
1i21A_1nmtA,pass,0.01,0.01,290
1i5nA_1qspA,pass,0.022,0.022,166
1ibzA_1rcy,pass,0.0,0.0,128
1imbA_1qgxA,pass,0.0605,0.0605,262
1ithA_1cg5B,pass,0.0625,0.0625,126
1ithA_3sdhA,pass,0.118,0.118,131
1kb5B_1qfoA,pass,0.0395,0.0395,130
1lam_1ecpA,pass,0.0,0.0,325
1ljrA_1pd21,pass,0.0,0.0,202
1lst_1nnt,pass,0.0,0.0,254
1mfmA_1xsoB,pass,0.127,0.127,163
1mpgA_2abk,pass,0.0,0.0,225
1nf1A_1wer,pass,0.0938,0.0938,290
1nseA_1qomB,pass,0.0,0.0,299
1pls_1foeA,pass,0.0,0.0,294
1prtF_3chbD,pass,0.0,0.0,90
1psrA_1qlsA,pass,0.0,0.0,125
1qbzC_2ezoA,pass,0.468,0.468,102
1qhqA_1bqk,pass,0.0,0.0,143
1qj2B_1ffvE,pass,0.346,0.346,554
1qj2C_1ffuF,pass,0.235,0.235,254
1qjdA_1qo8D,pass,0.427,0.427,361
1qq4A_2hrvA,pass,0.0105,0.0105,165
1qqp3_1pov1,pass,0.0,0.0,200
1quqA_1quqB,pass,0.0,0.0,131
1rhs_1e0cA,pass,0.0386,0.0386,241
1tx4A_1f7cA,pass,0.0,0.0,181
1vid_2dpmA,pass,0.0,0.0,209
2gar_1bxkA,pass,0.0357,0.0357,270
2qwc_1nsdB,pass,0.117,0.117,155
4icb_1mho,pass,0.103,0.103,120
