testcase,alignment_performed,q_score,tc_score,ms_elapsed
153l_1cnsA,pass,0.0,0.0,477
1a53_1nsj,pass,0.0109,0.0109,206
1a65A_1nif,pass,0.0,0.0,284
1a6m_1ewaA,pass,0.0538,0.0538,156
1a6m_1hlb,pass,0.166,0.166,134
1a7w_1b67B,pass,0.0769,0.0769,111
1a8l_1hyuA,pass,0.0417,0.0417,289
1ah1_1qfoA,pass,0.202,0.202,155
1aoiD_1aoiB,pass,0.0,0.0,135
1at3A_1lay,pass,0.0164,0.0164,212
1atzA_2scuB,pass,0.0,0.0,250
1auiB_1dguA,pass,0.0932,0.0932,168
1auoA_1fj2B,pass,0.147,0.147,158
1awd_1ayfA,pass,0.123,0.123,117
1aym1_2hwf1,pass,0.167,0.167,195
1b35A_2mev1,pass,0.0,0.0,174
1b5fB_1smrA,pass,0.0,0.0,208
1b8aA_1lylA,pass,0.051,0.051,303
1b8gA_1bw0A,pass,0.231,0.231,244
1bbhA_1jafB,pass,0.136,0.136,160
1bebA_1mup,pass,0.0559,0.0559,162
1bhe_1czfA,pass,0.00707,0.00707,227
1bkjA_1vfrA,pass,0.0204,0.0204,188
1bmdA_1b8pA,pass,0.166,0.166,215
1bqcA_7a3hA,pass,0.0766,0.0766,206
1bsvA_1he2A,pass,0.0,0.0,215
1bvzA_1cxlA,pass,0.00495,0.00495,379
1bvzA_1ehaA,pass,0.0,0.0,338
1bykA_1tlfA,pass,0.257,0.257,205
1c24A_1xgmA,pass,0.0,0.0,217
1cdkA_1hcl,pass,0.0141,0.0141,260
1ceo_1edg,pass,0.0,0.0,264
1cg5B_1flp,pass,0.0611,0.0611,121
1cg5B_2hbg,pass,0.125,0.125,125
1ctj_2mtaC,pass,0.0256,0.0256,149
1cvsC_1wit,pass,0.0,0.0,211
1cztA_1ulo,pass,0.0568,0.0568,156
1d4oA_1j8fA,pass,0.0106,0.0106,230
1d5rA_1fpzA,pass,0.0127,0.0127,242
1d6jA_3tmkA,pass,0.0,0.0,154
1dekA_3tmkA,pass,0.0741,0.0741,150
1dhn_1b9lA,pass,0.165,0.165,151
1dhx_1ruxA,pass,0.138,0.138,415
1di0A_1rvv1,pass,0.0504,0.0504,154
1dwnA_1msc,pass,0.192,0.192,96
1dxy_1psdA,pass,0.016,0.016,234
1e2xA_1qbjA,pass,0.0,0.0,176
1e69B_1f2tB,pass,0.012,0.012,181
1ei5A_3pte,pass,0.0,0.0,305
1emsA_1erzA,pass,0.0161,0.0161,260
1f2nA_1smvA,pass,0.0489,0.0489,194
1faoA_1dynA,pass,0.0595,0.0595,152
1faoA_1fhxA,pass,0.0978,0.0978,151
1faoA_1rrpB,pass,0.0,0.0,145
1fm5A_1qo3C,pass,0.0388,0.0388,183
1fmb_2hpeA,pass,0.117,0.117,99
1fvzA_1bv1,pass,0.0,0.0,198
1g7eA_1prxA,pass,0.0,0.0,171
1gen_1pex,pass,0.11,0.11,152
1gnwA_1ljrA,pass,0.039,0.039,196
1h75A_1kte,pass,0.141,0.141,117
1h7wA_2dorA,pass,0.0,0.0,585
1h8uA_1htn,pass,0.0,0.0,167
1h8uA_1qddA,pass,0.0467,0.0467,150
1he2A_1hyhA,pass,0.0,0.0,228
1hmt_1lfo,pass,0.0476,0.0476,139
1htn_1rtm1,pass,0.00901,0.00901,165
1hv8A_1c9kB,pass,0.0,0.0,240
1i21A_1i12D,pass,0.0523,0.0523,149
1i21A_1nmtA,pass,0.0,0.0,260
1i5nA_1qspA,pass,0.022,0.022,174
1ibzA_1rcy,pass,0.061,0.061,151
1imbA_1qgxA,pass,0.0121,0.0121,232
1ithA_1cg5B,pass,0.0391,0.0391,117
1ithA_3sdhA,pass,0.0882,0.0882,133
1kb5B_1qfoA,pass,0.158,0.158,135
1lam_1ecpA,pass,0.0,0.0,305
1ljrA_1pd21,pass,0.0,0.0,176
1lst_1nnt,pass,0.0,0.0,230
1mfmA_1xsoB,pass,0.0733,0.0733,157
1mpgA_2abk,pass,0.0,0.0,203
1nf1A_1wer,pass,0.0352,0.0352,242
1nseA_1qomB,pass,0.277,0.277,228
1pls_1foeA,pass,0.0,0.0,244
1prtF_3chbD,pass,0.0,0.0,90
1psrA_1qlsA,pass,0.0375,0.0375,123
1qbzC_2ezoA,pass,0.5,0.5,104
1qhqA_1bqk,pass,0.0,0.0,120
1qj2B_1ffvE,pass,0.236,0.236,441
1qj2C_1ffuF,pass,0.014,0.014,232
1qjdA_1qo8D,pass,0.168,0.168,318
1qq4A_2hrvA,pass,0.0,0.0,165
1qqp3_1pov1,pass,0.0,0.0,179
1quqA_1quqB,pass,0.104,0.104,122
1rhs_1e0cA,pass,0.131,0.131,202
1tx4A_1f7cA,pass,0.0526,0.0526,156
1vid_2dpmA,pass,0.0,0.0,200
2gar_1bxkA,pass,0.0357,0.0357,221
2qwc_1nsdB,pass,0.111,0.111,151
4icb_1mho,pass,0.0882,0.0882,120
