testcase,alignment_performed,q_score,tc_score,ms_elapsed
153l_1cnsA,pass,0.0,0.0,773
1a53_1nsj,pass,0.0109,0.0109,751
1a65A_1nif,pass,0.0,0.0,984
1a6m_1ewaA,pass,0.0385,0.0385,467
1a6m_1hlb,pass,0.338,0.338,385
1a7w_1b67B,pass,0.0769,0.0769,242
1a8l_1hyuA,pass,0.0,0.0,1125
1ah1_1qfoA,pass,0.202,0.202,422
1aoiD_1aoiB,pass,0.0,0.0,312
1at3A_1lay,pass,0.0164,0.0164,768
1atzA_2scuB,pass,0.0,0.0,934
1auiB_1dguA,pass,0.0,0.0,667
1auoA_1fj2B,pass,0.00948,0.00948,784
1awd_1ayfA,pass,0.0822,0.0822,348
1aym1_2hwf1,pass,0.0967,0.0967,805
1b35A_2mev1,pass,0.0,0.0,767
1b5fB_1smrA,pass,0.0,0.0,817
1b8aA_1lylA,pass,0.0281,0.0281,1134
1b8gA_1bw0A,pass,0.144,0.144,917
1bbhA_1jafB,pass,0.072,0.072,551
1bebA_1mup,pass,0.049,0.049,616
1bhe_1czfA,pass,0.0,0.0,917
1bkjA_1vfrA,pass,0.0408,0.0408,685
1bmdA_1b8pA,pass,0.1,0.1,801
1bqcA_7a3hA,pass,0.0498,0.0498,802
1bsvA_1he2A,pass,0.0296,0.0296,900
1bvzA_1cxlA,pass,0.0124,0.0124,1167
1bvzA_1ehaA,pass,0.0,0.0,1101
1bykA_1tlfA,pass,0.257,0.257,802
1c24A_1xgmA,pass,0.0,0.0,817
1cdkA_1hcl,pass,0.0141,0.0141,817
1ceo_1edg,pass,0.36,0.36,1084
1cg5B_1flp,pass,0.13,0.13,314
1cg5B_2hbg,pass,0.125,0.125,291
1ctj_2mtaC,pass,0.0,0.0,630
1cvsC_1wit,pass,0.0,0.0,855
1cztA_1ulo,pass,0.0568,0.0568,664
1d4oA_1j8fA,pass,0.0,0.0,936
1d5rA_1fpzA,pass,0.0,0.0,867
1d6jA_3tmkA,pass,0.0,0.0,767
1dekA_3tmkA,pass,0.0741,0.0741,717
1dhn_1b9lA,pass,0.165,0.165,426
1dhx_1ruxA,pass,0.225,0.225,1372
1di0A_1rvv1,pass,0.0288,0.0288,622
1dwnA_1msc,pass,0.192,0.192,233
1dxy_1psdA,pass,0.0865,0.0865,935
1e2xA_1qbjA,pass,0.0,0.0,717
1e69B_1f2tB,pass,0.012,0.012,750
1ei5A_3pte,pass,0.0,0.0,1134
1emsA_1erzA,pass,0.0161,0.0161,966
1f2nA_1smvA,pass,0.0163,0.0163,834
1faoA_1dynA,pass,0.0,0.0,474
1faoA_1fhxA,pass,0.0543,0.0543,384
1faoA_1rrpB,pass,0.0,0.0,503
1fm5A_1qo3C,pass,0.0,0.0,733
1fmb_2hpeA,pass,0.426,0.426,196
1fvzA_1bv1,pass,0.0139,0.0139,805
1g7eA_1prxA,pass,0.0,0.0,751
1gen_1pex,pass,0.12,0.12,734
1gnwA_1ljrA,pass,0.0341,0.0341,816
1h75A_1kte,pass,0.0282,0.0282,420
1h7wA_2dorA,pass,0.0,0.0,1413
1h8uA_1htn,pass,0.0,0.0,704
1h8uA_1qddA,pass,0.0,0.0,617
1he2A_1hyhA,pass,0.0,0.0,800
1hmt_1lfo,pass,0.0794,0.0794,466
1htn_1rtm1,pass,0.0,0.0,653
1hv8A_1c9kB,pass,0.0,0.0,917
1i21A_1i12D,pass,0.0,0.0,551
1i21A_1nmtA,pass,0.0,0.0,850
1i5nA_1qspA,pass,0.0,0.0,584
1ibzA_1rcy,pass,0.0,0.0,478
1imbA_1qgxA,pass,0.0968,0.0968,840
1ithA_1cg5B,pass,0.0391,0.0391,316
1ithA_3sdhA,pass,0.0882,0.0882,325
1kb5B_1qfoA,pass,0.158,0.158,306
1lam_1ecpA,pass,0.0,0.0,924
1ljrA_1pd21,pass,0.0,0.0,884
1lst_1nnt,pass,0.0,0.0,867
1mfmA_1xsoB,pass,0.0733,0.0733,431
1mpgA_2abk,pass,0.0,0.0,888
1nf1A_1wer,pass,0.0,0.0,917
1nseA_1qomB,pass,0.00259,0.00259,884
1pls_1foeA,pass,0.0,0.0,1017
1prtF_3chbD,pass,0.0,0.0,200
1psrA_1qlsA,pass,0.113,0.113,359
1qbzC_2ezoA,pass,0.489,0.489,218
1qhqA_1bqk,pass,0.0,0.0,519
1qj2B_1ffvE,pass,0.236,0.236,1342
1qj2C_1ffuF,pass,0.014,0.014,898
1qjdA_1qo8D,pass,0.385,0.385,1067
1qq4A_2hrvA,pass,0.0421,0.0421,600
1qqp3_1pov1,pass,0.0,0.0,717
1quqA_1quqB,pass,0.0312,0.0312,461
1rhs_1e0cA,pass,0.0695,0.0695,934
1tx4A_1f7cA,pass,0.105,0.105,634
1vid_2dpmA,pass,0.0,0.0,767
2gar_1bxkA,pass,0.0357,0.0357,917
2qwc_1nsdB,pass,0.0836,0.0836,702
4icb_1mho,pass,0.0882,0.0882,274
