testcase,alignment_performed,q_score,tc_score,ms_elapsed
153l_1cnsA,pass,0.0,0.0,299
1a53_1nsj,pass,0.0109,0.0109,91
1a65A_1nif,pass,0.0,0.0,105
1a6m_1ewaA,pass,0.0538,0.0538,79
1a6m_1hlb,pass,0.166,0.166,79
1a7w_1b67B,pass,0.0769,0.0769,75
1a8l_1hyuA,pass,0.0417,0.0417,107
1ah1_1qfoA,pass,0.202,0.202,89
1aoiD_1aoiB,pass,0.0,0.0,77
1at3A_1lay,pass,0.0164,0.0164,93
1atzA_2scuB,pass,0.0,0.0,101
1auiB_1dguA,pass,0.0932,0.0932,85
1auoA_1fj2B,pass,0.147,0.147,85
1awd_1ayfA,pass,0.0822,0.0822,77
1aym1_2hwf1,pass,0.167,0.167,92
1b35A_2mev1,pass,0.0,0.0,93
1b5fB_1smrA,pass,0.0,0.0,110
1b8aA_1lylA,pass,0.051,0.051,108
1b8gA_1bw0A,pass,0.231,0.231,102
1bbhA_1jafB,pass,0.136,0.136,75
1bebA_1mup,pass,0.0559,0.0559,82
1bhe_1czfA,pass,0.00707,0.00707,96
1bkjA_1vfrA,pass,0.0408,0.0408,88
1bmdA_1b8pA,pass,0.166,0.166,98
1bqcA_7a3hA,pass,0.0766,0.0766,94
1bsvA_1he2A,pass,0.0296,0.0296,94
1bvzA_1cxlA,pass,0.00495,0.00495,122
1bvzA_1ehaA,pass,0.0,0.0,125
1bykA_1tlfA,pass,0.257,0.257,89
1c24A_1xgmA,pass,0.0,0.0,91
1cdkA_1hcl,pass,0.0141,0.0141,98
1ceo_1edg,pass,0.064,0.064,100
1cg5B_1flp,pass,0.0687,0.0687,76
1cg5B_2hbg,pass,0.125,0.125,72
1ctj_2mtaC,pass,0.0256,0.0256,86
1cvsC_1wit,pass,0.0114,0.0114,97
1cztA_1ulo,pass,0.0568,0.0568,85
1d4oA_1j8fA,pass,0.0213,0.0213,98
1d5rA_1fpzA,pass,0.0127,0.0127,107
1d6jA_3tmkA,pass,0.0,0.0,90
1dekA_3tmkA,pass,0.0,0.0,86
1dhn_1b9lA,pass,0.165,0.165,75
1dhx_1ruxA,pass,0.185,0.185,129
1di0A_1rvv1,pass,0.0504,0.0504,81
1dwnA_1msc,pass,0.192,0.192,62
1dxy_1psdA,pass,0.0865,0.0865,100
1e2xA_1qbjA,pass,0.0,0.0,81
1e69B_1f2tB,pass,0.012,0.012,89
1ei5A_3pte,pass,0.0,0.0,108
1emsA_1erzA,pass,0.0161,0.0161,102
1f2nA_1smvA,pass,0.0489,0.0489,92
1faoA_1dynA,pass,0.0595,0.0595,79
1faoA_1fhxA,pass,0.0,0.0,71
1faoA_1rrpB,pass,0.0,0.0,75
1fm5A_1qo3C,pass,0.0388,0.0388,92
1fmb_2hpeA,pass,0.117,0.117,83
1fvzA_1bv1,pass,0.0,0.0,107
1g7eA_1prxA,pass,0.0,0.0,96
1gen_1pex,pass,0.11,0.11,90
1gnwA_1ljrA,pass,0.0341,0.0341,88
1h75A_1kte,pass,0.141,0.141,71
1h7wA_2dorA,pass,0.0,0.0,141
1h8uA_1htn,pass,0.0,0.0,88
1h8uA_1qddA,pass,0.0467,0.0467,84
1he2A_1hyhA,pass,0.0,0.0,95
1hmt_1lfo,pass,0.0476,0.0476,74
1htn_1rtm1,pass,0.00901,0.00901,85
1hv8A_1c9kB,pass,0.0,0.0,96
1i21A_1i12D,pass,0.0523,0.0523,83
1i21A_1nmtA,pass,0.0,0.0,100
1i5nA_1qspA,pass,0.0,0.0,91
1ibzA_1rcy,pass,0.0732,0.0732,74
1imbA_1qgxA,pass,0.0121,0.0121,97
1ithA_1cg5B,pass,0.0391,0.0391,76
1ithA_3sdhA,pass,0.0882,0.0882,76
1kb5B_1qfoA,pass,0.158,0.158,90
1lam_1ecpA,pass,0.0442,0.0442,107
1ljrA_1pd21,pass,0.0,0.0,88
1lst_1nnt,pass,0.0,0.0,95
1mfmA_1xsoB,pass,0.0733,0.0733,80
1mpgA_2abk,pass,0.0,0.0,91
1nf1A_1wer,pass,0.0273,0.0273,100
1nseA_1qomB,pass,0.277,0.277,90
1pls_1foeA,pass,0.0,0.0,103
1prtF_3chbD,pass,0.0,0.0,65
1psrA_1qlsA,pass,0.0375,0.0375,75
1qbzC_2ezoA,pass,0.468,0.468,66
1qhqA_1bqk,pass,0.0,0.0,82
1qj2B_1ffvE,pass,0.236,0.236,125
1qj2C_1ffuF,pass,0.014,0.014,95
1qjdA_1qo8D,pass,0.168,0.168,113
1qq4A_2hrvA,pass,0.0,0.0,89
1qqp3_1pov1,pass,0.0,0.0,87
1quqA_1quqB,pass,0.0,0.0,71
1rhs_1e0cA,pass,0.131,0.131,95
1tx4A_1f7cA,pass,0.0329,0.0329,86
1vid_2dpmA,pass,0.0,0.0,106
2gar_1bxkA,pass,0.0357,0.0357,100
2qwc_1nsdB,pass,0.0836,0.0836,78
4icb_1mho,pass,0.0882,0.0882,69
