testcase,alignment_performed,q_score,tc_score,ms_elapsed
1a0p_1ae9A,pass,0.0,0.0,2688
1a3aA_1a6jA,pass,0.137,0.137,1773
1a53_1hg3A,pass,0.0435,0.0435,2249
1a65A_1aozA,pass,0.00458,0.00458,4424
1a6m_1flp,pass,0.0584,0.0584,1367
1a6m_2vhbA,pass,0.116,0.116,1384
1aba_1kte,pass,0.0274,0.0274,1034
1adjA_1httD,pass,0.0284,0.0284,3016
1ajqB_1nedA,pass,0.00962,0.00962,3990
1alu_1bgc,pass,0.104,0.104,1777
1amoA_1qfjA,pass,0.0,0.0,4390
1aocA_1bndA,pass,0.0,0.0,1295
1aohA_1anu,pass,0.0949,0.0949,1765
1ap0_1dz1A,pass,0.02,0.02,1136
1atzA_1ido,pass,0.064,0.064,2181
1auyA_1qqp3,pass,0.0,0.0,2217
1awcA_2hts,pass,0.0,0.0,1391
1b20A_1rgeA,pass,0.0,0.0,1157
1bbhA_2ccyA,pass,0.16,0.16,1799
1bdb_1ybvA,pass,0.0,0.0,2264
1bhgA_1qnoA,pass,0.0,0.0,4261
1bi0_1fx7B,pass,0.185,0.185,2078
1bn5_1c24A,pass,0.00427,0.00427,3562
1bob_1qsmA,pass,0.0,0.0,2689
1bqk_2mtaA,pass,0.0,0.0,1561
1bsvA_1bwsA,pass,0.166,0.166,2767
1btl_1e25A,pass,0.284,0.284,2015
1byb_1fa2A,pass,0.0,0.0,3584
1c53_2dvh,pass,0.384,0.384,1229
1cd8_1hxmD,pass,0.0,0.0,2159
1cg5B_2fal,pass,0.0448,0.0448,1235
1cr1A_2reb,pass,0.0575,0.0575,2921
1ctn_1d2kA,pass,0.0,0.0,4344
1cwyA_1bag,pass,0.00463,0.00463,3281
1cy5A_3ygsP,pass,0.209,0.209,1323
1cydA_1enp,pass,0.0563,0.0563,2421
1cydA_1fjhB,pass,0.0211,0.0211,2225
1d2fA_1c7nF,pass,0.0112,0.0112,3188
1d9eA_1qr7A,pass,0.0247,0.0247,2812
1dmhA_3pchA,pass,0.194,0.194,2609
1dun_1dupA,pass,0.0,0.0,1765
1dvjA_2tpsA,pass,0.0,0.0,2346
1dxy_1gdhA,pass,0.0649,0.0649,2493
1e15A_1ctn,pass,0.0,0.0,4116
1e6wA_1enp,pass,0.0811,0.0811,2265
1eagA_2rmpA,pass,0.0704,0.0704,2876
1ecxA_2gsaA,pass,0.00403,0.00403,3273
1eiwA_1egaA,pass,0.0,0.0,2028
1erzA_1f89A,pass,0.124,0.124,2449
1fdr_1a8p,pass,0.159,0.159,2447
1fgxA_1foaA,pass,0.0,0.0,2359
1fknA_1lywA,pass,0.0,0.0,2942
1fknA_2rmpA,pass,0.0284,0.0284,3153
1fnc_1fb3B,pass,0.286,0.286,2657
1ft9A_2cgpA,pass,0.0,0.0,2111
1fzgD_2eboA,pass,0.0392,0.0392,1034
1g6gA_1qu5A,pass,0.0,0.0,1522
1g8jA_2napA,pass,0.00166,0.00166,5413
1gakA_1lis,pass,0.107,0.107,1298
1gp1A_1erv,pass,0.026,0.026,2046
1h97A_2hbg,pass,0.0797,0.0797,1249
1iciA_1nbaA,pass,0.0,0.0,2369
1igtB_1fe8J,pass,0.0,0.0,3484
1itbB_1wit,pass,0.0,0.0,2699
1jfiB_1tafA,pass,0.0,0.0,1562
1ksiB_1spuB,pass,0.0082,0.0082,4823
1mfa_1neu,pass,0.0,0.0,2068
1mroA_1mroB,pass,0.0,0.0,3180
1nnt_1dsn,pass,0.0633,0.0633,2949
1nwpA_1qhqA,pass,0.137,0.137,1769
1opy_3stdA,pass,0.117,0.117,1457
1pgtA_1gsdB,pass,0.178,0.178,2399
1qa9A_1qfoA,pass,0.0,0.0,1466
1qgwA_1qgwB,pass,0.203,0.203,932
1qgwC_1cpcL,pass,0.115,0.115,2166
1qlaA_1fumA,pass,0.0442,0.0442,5145
1qtrA_1qfmA,pass,0.0,0.0,4937
1sayA_1hzzB,pass,0.0442,0.0442,3124
1skyE_1skyB,pass,0.027,0.027,2604
1stfI_1cewI,pass,0.0,0.0,1560
1theB_1ef7A,pass,0.0971,0.0971,2311
1tig_2ifeA,pass,0.274,0.274,1254
1tlk_1wit,pass,0.133,0.133,1486
1tyfA_1nzyA,pass,0.0,0.0,2550
1uch_1cmxA,pass,0.0311,0.0311,2249
1vfrA_1nox,pass,0.117,0.117,2201
1wwcA_1he7A,pass,0.229,0.229,1470
2ccyA_256bA,pass,0.0115,0.0115,1372
2ercA_3mag,pass,0.0333,0.0333,2348
2pgd_1pgjA,pass,0.117,0.117,3675
2pth_1c8bA,pass,0.125,0.125,2628
2reb_1cr1A,pass,0.0,0.0,2776
2reb_1g19A,pass,0.0792,0.0792,2716
2tpsA_1qpoA,pass,0.0,0.0,2627
2tysA_1pii,pass,0.0,0.0,4005
2tysB_1tdj,pass,0.0,0.0,3981
2xat_3tdt,pass,0.0,0.0,2600
3bct_1g3jC,pass,0.0,0.0,3557
3ldh_1hlpA,pass,0.0512,0.0512,2770
7taa_2taaA,pass,0.137,0.137,4336
